{"Profile":"default","Account Number":"831098920163","Control":"[check11] Avoid the use of the root account (Scored)","Message":"Root user in the account wasn't accessed in the last 1 days","Severity":"High","Status":"Pass","Scored":"Scored","Level":"Level 1","Control ID":"1.1","Region":"us-east-1","Timestamp":"2021-01-05T20:05:19Z","Compliance":"Software and Configuration Checks"}
{"Profile":"default","Account Number":"831098920163","Control":"[check12] Ensure multi-factor authentication (MFA) is enabled for all IAM users that have a console password (Scored)","Message":"User BlockboardCO has Password enabled but MFA disabled","Severity":"High","Status":"FAIL","Scored":"Scored","Level":"Level 1","Control ID":"1.2","Region":"us-east-1","Timestamp":"2021-01-05T20:05:19Z","Compliance":"ens-op.acc.5.aws.iam.1"}
{"Profile":"default","Account Number":"831098920163","Control":"[check12] Ensure multi-factor authentication (MFA) is enabled for all IAM users that have a console password (Scored)","Message":"User BobGEC has Password enabled but MFA disabled","Severity":"High","Status":"FAIL","Scored":"Scored","Level":"Level 1","Control ID":"1.2","Region":"us-east-1","Timestamp":"2021-01-05T20:05:19Z","Compliance":"ens-op.acc.5.aws.iam.1"}
{"Profile":"default","Account Number":"831098920163","Control":"[check12] Ensure multi-factor authentication (MFA) is enabled for all IAM users that have a console password (Scored)","Message":"User DanielGEC has Password enabled but MFA disabled","Severity":"High","Status":"FAIL","Scored":"Scored","Level":"Level 1","Control ID":"1.2","Region":"us-east-1","Timestamp":"2021-01-05T20:05:19Z","Compliance":"ens-op.acc.5.aws.iam.1"}
{"Profile":"default","Account Number":"831098920163","Control":"[check12] Ensure multi-factor authentication (MFA) is enabled for all IAM users that have a console password (Scored)","Message":"User DanielGECAmplify has Password enabled but MFA disabled","Severity":"High","Status":"FAIL","Scored":"Scored","Level":"Level 1","Control ID":"1.2","Region":"us-east-1","Timestamp":"2021-01-05T20:05:19Z","Compliance":"ens-op.acc.5.aws.iam.1"}
{"Profile":"default","Account Number":"831098920163","Control":"[check13] Ensure credentials unused for 90 days or greater are disabled (Scored)","Message":"User BlockboardCO has logged into the console in the past 90 days","Severity":"Medium","Status":"Pass","Scored":"Scored","Level":"Level 1","Control ID":"1.3","Region":"us-east-1","Timestamp":"2021-01-05T20:05:19Z","Compliance":"ens-op.acc.1.aws.iam.3,ens-op.acc.5.aws.iam.4"}
{"Profile":"default","Account Number":"831098920163","Control":"[check13] Ensure credentials unused for 90 days or greater are disabled (Scored)","Message":"User BobGEC has logged into the console in the past 90 days","Severity":"Medium","Status":"Pass","Scored":"Scored","Level":"Level 1","Control ID":"1.3","Region":"us-east-1","Timestamp":"2021-01-05T20:05:19Z","Compliance":"ens-op.acc.1.aws.iam.3,ens-op.acc.5.aws.iam.4"}
{"Profile":"default","Account Number":"831098920163","Control":"[check13] Ensure credentials unused for 90 days or greater are disabled (Scored)","Message":"User DanielGEC has logged into the console in the past 90 days","Severity":"Medium","Status":"Pass","Scored":"Scored","Level":"Level 1","Control ID":"1.3","Region":"us-east-1","Timestamp":"2021-01-05T20:05:19Z","Compliance":"ens-op.acc.1.aws.iam.3,ens-op.acc.5.aws.iam.4"}
{"Profile":"default","Account Number":"831098920163","Control":"[check13] Ensure credentials unused for 90 days or greater are disabled (Scored)","Message":"User DanielGECAmplify has never logged into the console since creation and their password not changed in the past 90 days","Severity":"Medium","Status":"FAIL","Scored":"Scored","Level":"Level 1","Control ID":"1.3","Region":"us-east-1","Timestamp":"2021-01-05T20:05:20Z","Compliance":"ens-op.acc.1.aws.iam.3,ens-op.acc.5.aws.iam.4"}
{"Profile":"default","Account Number":"831098920163","Control":"[check13] Ensure credentials unused for 90 days or greater are disabled (Scored)","Message":"User fsultan has logged into the console in the past 90 days","Severity":"Medium","Status":"Pass","Scored":"Scored","Level":"Level 1","Control ID":"1.3","Region":"us-east-1","Timestamp":"2021-01-05T20:05:20Z","Compliance":"ens-op.acc.1.aws.iam.3,ens-op.acc.5.aws.iam.4"}
{"Profile":"default","Account Number":"831098920163","Control":"[check13] Ensure credentials unused for 90 days or greater are disabled (Scored)","Message":"User BlockboardCO has not used access key 1 since creation","Severity":"Medium","Status":"Info","Scored":"Scored","Level":"Level 1","Control ID":"1.3","Region":"us-east-1","Timestamp":"2021-01-05T20:05:20Z","Compliance":"ens-op.acc.1.aws.iam.3,ens-op.acc.5.aws.iam.4"}
{"Profile":"default","Account Number":"831098920163","Control":"[check13] Ensure credentials unused for 90 days or greater are disabled (Scored)","Message":"User DanielGEC has never used access key 1 since creation and not rotated it in the past 90 days","Severity":"Medium","Status":"FAIL","Scored":"Scored","Level":"Level 1","Control ID":"1.3","Region":"us-east-1","Timestamp":"2021-01-05T20:05:20Z","Compliance":"ens-op.acc.1.aws.iam.3,ens-op.acc.5.aws.iam.4"}
{"Profile":"default","Account Number":"831098920163","Control":"[check13] Ensure credentials unused for 90 days or greater are disabled (Scored)","Message":"User DanielGECAmplify has not used access key 1 in the past 90 days","Severity":"Medium","Status":"FAIL","Scored":"Scored","Level":"Level 1","Control ID":"1.3","Region":"us-east-1","Timestamp":"2021-01-05T20:05:20Z","Compliance":"ens-op.acc.1.aws.iam.3,ens-op.acc.5.aws.iam.4"}
{"Profile":"default","Account Number":"831098920163","Control":"[check13] Ensure credentials unused for 90 days or greater are disabled (Scored)","Message":"User dfini_stage_admin has not used access key 1 in the past 90 days","Severity":"Medium","Status":"FAIL","Scored":"Scored","Level":"Level 1","Control ID":"1.3","Region":"us-east-1","Timestamp":"2021-01-05T20:05:20Z","Compliance":"ens-op.acc.1.aws.iam.3,ens-op.acc.5.aws.iam.4"}
{"Profile":"default","Account Number":"831098920163","Control":"[check13] Ensure credentials unused for 90 days or greater are disabled (Scored)","Message":"User DynamicS3Dashboard has used access key 1 in the past 90 days","Severity":"Medium","Status":"Pass","Scored":"Scored","Level":"Level 1","Control ID":"1.3","Region":"us-east-1","Timestamp":"2021-01-05T20:05:20Z","Compliance":"ens-op.acc.1.aws.iam.3,ens-op.acc.5.aws.iam.4"}
{"Profile":"default","Account Number":"831098920163","Control":"[check13] Ensure credentials unused for 90 days or greater are disabled (Scored)","Message":"User fsultan has used access key 1 in the past 90 days","Severity":"Medium","Status":"Pass","Scored":"Scored","Level":"Level 1","Control ID":"1.3","Region":"us-east-1","Timestamp":"2021-01-05T20:05:20Z","Compliance":"ens-op.acc.1.aws.iam.3,ens-op.acc.5.aws.iam.4"}
{"Profile":"default","Account Number":"831098920163","Control":"[check13] Ensure credentials unused for 90 days or greater are disabled (Scored)","Message":"User GEC-Sites-user has used access key 1 in the past 90 days","Severity":"Medium","Status":"Pass","Scored":"Scored","Level":"Level 1","Control ID":"1.3","Region":"us-east-1","Timestamp":"2021-01-05T20:05:20Z","Compliance":"ens-op.acc.1.aws.iam.3,ens-op.acc.5.aws.iam.4"}
{"Profile":"default","Account Number":"831098920163","Control":"[check13] Ensure credentials unused for 90 days or greater are disabled (Scored)","Message":"User ses-smtp-user.20201115-190735 has used access key 1 in the past 90 days","Severity":"Medium","Status":"Pass","Scored":"Scored","Level":"Level 1","Control ID":"1.3","Region":"us-east-1","Timestamp":"2021-01-05T20:05:20Z","Compliance":"ens-op.acc.1.aws.iam.3,ens-op.acc.5.aws.iam.4"}
{"Profile":"default","Account Number":"831098920163","Control":"[check13] Ensure credentials unused for 90 days or greater are disabled (Scored)","Message":"User ThomasGEC has never used access key 1 since creation and not rotated it in the past 90 days","Severity":"Medium","Status":"FAIL","Scored":"Scored","Level":"Level 1","Control ID":"1.3","Region":"us-east-1","Timestamp":"2021-01-05T20:05:21Z","Compliance":"ens-op.acc.1.aws.iam.3,ens-op.acc.5.aws.iam.4"}
{"Profile":"default","Account Number":"831098920163","Control":"[check13] Ensure credentials unused for 90 days or greater are disabled (Scored)","Message":"User BlockboardCO has used access key 2 in the past 90 days","Severity":"Medium","Status":"Pass","Scored":"Scored","Level":"Level 1","Control ID":"1.3","Region":"us-east-1","Timestamp":"2021-01-05T20:05:21Z","Compliance":"ens-op.acc.1.aws.iam.3,ens-op.acc.5.aws.iam.4"}
{"Profile":"default","Account Number":"831098920163","Control":"[check13] Ensure credentials unused for 90 days or greater are disabled (Scored)","Message":"User DanielGEC has used access key 2 in the past 90 days","Severity":"Medium","Status":"Pass","Scored":"Scored","Level":"Level 1","Control ID":"1.3","Region":"us-east-1","Timestamp":"2021-01-05T20:05:21Z","Compliance":"ens-op.acc.1.aws.iam.3,ens-op.acc.5.aws.iam.4"}
{"Profile":"default","Account Number":"831098920163","Control":"[check14] Ensure access keys are rotated every 90 days or less (Scored)","Message":"DanielGEC has not rotated access key 1 in over 90 days","Severity":"Medium","Status":"FAIL","Scored":"Scored","Level":"Level 1","Control ID":"1.4","Region":"us-east-1","Timestamp":"2021-01-05T20:05:21Z","Compliance":"ens-op.acc.1.aws.iam.4,ens-op.acc.5.aws.iam.3"}
{"Profile":"default","Account Number":"831098920163","Control":"[check14] Ensure access keys are rotated every 90 days or less (Scored)","Message":"DanielGECAmplify has not rotated access key 1 in over 90 days","Severity":"Medium","Status":"FAIL","Scored":"Scored","Level":"Level 1","Control ID":"1.4","Region":"us-east-1","Timestamp":"2021-01-05T20:05:21Z","Compliance":"ens-op.acc.1.aws.iam.4,ens-op.acc.5.aws.iam.3"}
{"Profile":"default","Account Number":"831098920163","Control":"[check14] Ensure access keys are rotated every 90 days or less (Scored)","Message":"dfini_stage_admin has not rotated access key 1 in over 90 days","Severity":"Medium","Status":"FAIL","Scored":"Scored","Level":"Level 1","Control ID":"1.4","Region":"us-east-1","Timestamp":"2021-01-05T20:05:21Z","Compliance":"ens-op.acc.1.aws.iam.4,ens-op.acc.5.aws.iam.3"}
{"Profile":"default","Account Number":"831098920163","Control":"[check14] Ensure access keys are rotated every 90 days or less (Scored)","Message":"fsultan has not rotated access key 1 in over 90 days","Severity":"Medium","Status":"FAIL","Scored":"Scored","Level":"Level 1","Control ID":"1.4","Region":"us-east-1","Timestamp":"2021-01-05T20:05:21Z","Compliance":"ens-op.acc.1.aws.iam.4,ens-op.acc.5.aws.iam.3"}
{"Profile":"default","Account Number":"831098920163","Control":"[check14] Ensure access keys are rotated every 90 days or less (Scored)","Message":"ThomasGEC has not rotated access key 1 in over 90 days","Severity":"Medium","Status":"FAIL","Scored":"Scored","Level":"Level 1","Control ID":"1.4","Region":"us-east-1","Timestamp":"2021-01-05T20:05:22Z","Compliance":"ens-op.acc.1.aws.iam.4,ens-op.acc.5.aws.iam.3"}
{"Profile":"default","Account Number":"831098920163","Control":"[check14] Ensure access keys are rotated every 90 days or less (Scored)","Message":"DanielGEC has not rotated access key 2 in over 90 days","Severity":"Medium","Status":"FAIL","Scored":"Scored","Level":"Level 1","Control ID":"1.4","Region":"us-east-1","Timestamp":"2021-01-05T20:05:22Z","Compliance":"ens-op.acc.1.aws.iam.4,ens-op.acc.5.aws.iam.3"}
{"Profile":"default","Account Number":"831098920163","Control":"[check15] Ensure IAM password policy requires at least one uppercase letter (Scored)","Message":"Password Policy requires upper case","Severity":"Medium","Status":"Pass","Scored":"Scored","Level":"Level 1","Control ID":"1.5","Region":"us-east-1","Timestamp":"2021-01-05T20:05:24Z","Compliance":"Software and Configuration Checks"}
{"Profile":"default","Account Number":"831098920163","Control":"[check16] Ensure IAM password policy require at least one lowercase letter (Scored)","Message":"Password Policy requires lower case","Severity":"medium","Status":"Pass","Scored":"Scored","Level":"Level 1","Control ID":"1.6","Region":"us-east-1","Timestamp":"2021-01-05T20:05:27Z","Compliance":"Software and Configuration Checks"}
{"Profile":"default","Account Number":"831098920163","Control":"[check17] Ensure IAM password policy require at least one symbol (Scored)","Message":"Password Policy missing symbol requirement","Severity":"Medium","Status":"FAIL","Scored":"Scored","Level":"Level 1","Control ID":"1.7","Region":"us-east-1","Timestamp":"2021-01-05T20:05:29Z","Compliance":"Software and Configuration Checks"}
{"Profile":"default","Account Number":"831098920163","Control":"[check18] Ensure IAM password policy require at least one number (Scored)","Message":"Password Policy requires number","Severity":"Medium","Status":"Pass","Scored":"Scored","Level":"Level 1","Control ID":"1.8","Region":"us-east-1","Timestamp":"2021-01-05T20:05:32Z","Compliance":"Software and Configuration Checks"}
{"Profile":"default","Account Number":"831098920163","Control":"[check19] Ensure IAM password policy requires minimum length of 14 or greater (Scored)","Message":"Password Policy missing or weak length requirement","Severity":"Medium","Status":"FAIL","Scored":"Scored","Level":"Level 1","Control ID":"1.9","Region":"us-east-1","Timestamp":"2021-01-05T20:05:34Z","Compliance":"Software and Configuration Checks"}
{"Profile":"default","Account Number":"831098920163","Control":"[check110] Ensure IAM password policy prevents password reuse: 24 or greater (Scored)","Message":"Password Policy has weak reuse requirement (lower than 24)","Severity":"Medium","Status":"FAIL","Scored":"Scored","Level":"Level 1","Control ID":"1.10","Region":"us-east-1","Timestamp":"2021-01-05T20:05:37Z","Compliance":"Software and Configuration Checks"}
{"Profile":"default","Account Number":"831098920163","Control":"[check111] Ensure IAM password policy expires passwords within 90 days or less (Scored)","Message":"Password expiration is not set","Severity":"Medium","Status":"FAIL","Scored":"Scored","Level":"Level 1","Control ID":"1.11","Region":"us-east-1","Timestamp":"2021-01-05T20:05:39Z","Compliance":"Software and Configuration Checks"}
{"Profile":"default","Account Number":"831098920163","Control":"[check112] Ensure no root account access key exists (Scored)","Message":"No access key 1 found for root","Severity":"Critical","Status":"Pass","Scored":"Scored","Level":"Level 1","Control ID":"1.12","Region":"us-east-1","Timestamp":"2021-01-05T20:05:40Z","Compliance":"Software and Configuration Checks"}
{"Profile":"default","Account Number":"831098920163","Control":"[check112] Ensure no root account access key exists (Scored)","Message":"No access key 2 found for root","Severity":"Critical","Status":"Pass","Scored":"Scored","Level":"Level 1","Control ID":"1.12","Region":"us-east-1","Timestamp":"2021-01-05T20:05:40Z","Compliance":"Software and Configuration Checks"}
{"Profile":"default","Account Number":"831098920163","Control":"[check113] Ensure MFA is enabled for the root account (Scored)","Message":"MFA is not ENABLED for root account","Severity":"Critical","Status":"FAIL","Scored":"Scored","Level":"Level 1","Control ID":"1.13","Region":"us-east-1","Timestamp":"2021-01-05T20:05:42Z","Compliance":"Software and Configuration Checks"}
{"Profile":"default","Account Number":"831098920163","Control":"[check114] Ensure hardware MFA is enabled for the root account (Scored)","Message":"MFA is not ENABLED for root account","Severity":"Critical","Status":"FAIL","Scored":"Scored","Level":"Level 2","Control ID":"1.14","Region":"us-east-1","Timestamp":"2021-01-05T20:05:45Z","Compliance":"Software and Configuration Checks"}
{"Profile":"default","Account Number":"831098920163","Control":"[check115] Ensure security questions are registered in the AWS account (Not Scored)","Message":"No command available for check 1.15 ","Severity":"Medium","Status":"Info","Scored":"Not Scored","Level":"Level 1","Control ID":"1.15","Region":"us-east-1","Timestamp":"2021-01-05T20:05:45Z","Compliance":"Software and Configuration Checks"}
{"Profile":"default","Account Number":"831098920163","Control":"[check115] Ensure security questions are registered in the AWS account (Not Scored)","Message":"Login to the AWS Console as root & click on the Account ","Severity":"Medium","Status":"Info","Scored":"Not Scored","Level":"Level 1","Control ID":"1.15","Region":"us-east-1","Timestamp":"2021-01-05T20:05:45Z","Compliance":"Software and Configuration Checks"}
{"Profile":"default","Account Number":"831098920163","Control":"[check115] Ensure security questions are registered in the AWS account (Not Scored)","Message":"Name -> My Account -> Configure Security Challenge Questions ","Severity":"Medium","Status":"Info","Scored":"Not Scored","Level":"Level 1","Control ID":"1.15","Region":"us-east-1","Timestamp":"2021-01-05T20:05:45Z","Compliance":"Software and Configuration Checks"}
{"Profile":"default","Account Number":"831098920163","Control":"[check116] Ensure IAM policies are attached only to groups or roles (Scored)","Message":"BlockboardCO has managed policy directly attached","Severity":"Low","Status":"FAIL","Scored":"Scored","Level":"Level 1","Control ID":"1.16","Region":"us-east-1","Timestamp":"2021-01-05T20:05:50Z","Compliance":"ens-op.acc.3.aws.iam.1"}
{"Profile":"default","Account Number":"831098920163","Control":"[check116] Ensure IAM policies are attached only to groups or roles (Scored)","Message":"BobGEC has managed policy directly attached","Severity":"Low","Status":"FAIL","Scored":"Scored","Level":"Level 1","Control ID":"1.16","Region":"us-east-1","Timestamp":"2021-01-05T20:05:55Z","Compliance":"ens-op.acc.3.aws.iam.1"}
{"Profile":"default","Account Number":"831098920163","Control":"[check116] Ensure IAM policies are attached only to groups or roles (Scored)","Message":"DanielGEC has managed policy directly attached","Severity":"Low","Status":"FAIL","Scored":"Scored","Level":"Level 1","Control ID":"1.16","Region":"us-east-1","Timestamp":"2021-01-05T20:06:00Z","Compliance":"ens-op.acc.3.aws.iam.1"}
{"Profile":"default","Account Number":"831098920163","Control":"[check116] Ensure IAM policies are attached only to groups or roles (Scored)","Message":"DanielGECAmplify has managed policy directly attached","Severity":"Low","Status":"FAIL","Scored":"Scored","Level":"Level 1","Control ID":"1.16","Region":"us-east-1","Timestamp":"2021-01-05T20:06:05Z","Compliance":"ens-op.acc.3.aws.iam.1"}
