{"Profile":"default","Account Number":"831098920163","Control":"[check11] Avoid the use of the root account (Scored)","Message":"Root user in the account wasn't accessed in the last 1 days","Severity":"High","Status":"Pass","Scored":"Scored","Level":"Level 1","Control ID":"1.1","Region":"us-east-1","Timestamp":"2021-01-05T20:10:57Z","Compliance":"Software and Configuration Checks"}
{"Profile":"default","Account Number":"831098920163","Control":"[check12] Ensure multi-factor authentication (MFA) is enabled for all IAM users that have a console password (Scored)","Message":"User BlockboardCO has Password enabled but MFA disabled","Severity":"High","Status":"FAIL","Scored":"Scored","Level":"Level 1","Control ID":"1.2","Region":"us-east-1","Timestamp":"2021-01-05T20:10:57Z","Compliance":"ens-op.acc.5.aws.iam.1"}
{"Profile":"default","Account Number":"831098920163","Control":"[check12] Ensure multi-factor authentication (MFA) is enabled for all IAM users that have a console password (Scored)","Message":"User BobGEC has Password enabled but MFA disabled","Severity":"High","Status":"FAIL","Scored":"Scored","Level":"Level 1","Control ID":"1.2","Region":"us-east-1","Timestamp":"2021-01-05T20:10:57Z","Compliance":"ens-op.acc.5.aws.iam.1"}
{"Profile":"default","Account Number":"831098920163","Control":"[check12] Ensure multi-factor authentication (MFA) is enabled for all IAM users that have a console password (Scored)","Message":"User DanielGEC has Password enabled but MFA disabled","Severity":"High","Status":"FAIL","Scored":"Scored","Level":"Level 1","Control ID":"1.2","Region":"us-east-1","Timestamp":"2021-01-05T20:10:57Z","Compliance":"ens-op.acc.5.aws.iam.1"}
{"Profile":"default","Account Number":"831098920163","Control":"[check12] Ensure multi-factor authentication (MFA) is enabled for all IAM users that have a console password (Scored)","Message":"User DanielGECAmplify has Password enabled but MFA disabled","Severity":"High","Status":"FAIL","Scored":"Scored","Level":"Level 1","Control ID":"1.2","Region":"us-east-1","Timestamp":"2021-01-05T20:10:58Z","Compliance":"ens-op.acc.5.aws.iam.1"}
{"Profile":"default","Account Number":"831098920163","Control":"[check13] Ensure credentials unused for 90 days or greater are disabled (Scored)","Message":"User BlockboardCO has logged into the console in the past 90 days","Severity":"Medium","Status":"Pass","Scored":"Scored","Level":"Level 1","Control ID":"1.3","Region":"us-east-1","Timestamp":"2021-01-05T20:10:58Z","Compliance":"ens-op.acc.1.aws.iam.3,ens-op.acc.5.aws.iam.4"}
{"Profile":"default","Account Number":"831098920163","Control":"[check13] Ensure credentials unused for 90 days or greater are disabled (Scored)","Message":"User BobGEC has logged into the console in the past 90 days","Severity":"Medium","Status":"Pass","Scored":"Scored","Level":"Level 1","Control ID":"1.3","Region":"us-east-1","Timestamp":"2021-01-05T20:10:58Z","Compliance":"ens-op.acc.1.aws.iam.3,ens-op.acc.5.aws.iam.4"}
{"Profile":"default","Account Number":"831098920163","Control":"[check13] Ensure credentials unused for 90 days or greater are disabled (Scored)","Message":"User DanielGEC has logged into the console in the past 90 days","Severity":"Medium","Status":"Pass","Scored":"Scored","Level":"Level 1","Control ID":"1.3","Region":"us-east-1","Timestamp":"2021-01-05T20:10:58Z","Compliance":"ens-op.acc.1.aws.iam.3,ens-op.acc.5.aws.iam.4"}
{"Profile":"default","Account Number":"831098920163","Control":"[check13] Ensure credentials unused for 90 days or greater are disabled (Scored)","Message":"User DanielGECAmplify has never logged into the console since creation and their password not changed in the past 90 days","Severity":"Medium","Status":"FAIL","Scored":"Scored","Level":"Level 1","Control ID":"1.3","Region":"us-east-1","Timestamp":"2021-01-05T20:10:58Z","Compliance":"ens-op.acc.1.aws.iam.3,ens-op.acc.5.aws.iam.4"}
{"Profile":"default","Account Number":"831098920163","Control":"[check13] Ensure credentials unused for 90 days or greater are disabled (Scored)","Message":"User fsultan has logged into the console in the past 90 days","Severity":"Medium","Status":"Pass","Scored":"Scored","Level":"Level 1","Control ID":"1.3","Region":"us-east-1","Timestamp":"2021-01-05T20:10:58Z","Compliance":"ens-op.acc.1.aws.iam.3,ens-op.acc.5.aws.iam.4"}
{"Profile":"default","Account Number":"831098920163","Control":"[check13] Ensure credentials unused for 90 days or greater are disabled (Scored)","Message":"User BlockboardCO has not used access key 1 since creation","Severity":"Medium","Status":"Info","Scored":"Scored","Level":"Level 1","Control ID":"1.3","Region":"us-east-1","Timestamp":"2021-01-05T20:10:58Z","Compliance":"ens-op.acc.1.aws.iam.3,ens-op.acc.5.aws.iam.4"}
{"Profile":"default","Account Number":"831098920163","Control":"[check13] Ensure credentials unused for 90 days or greater are disabled (Scored)","Message":"User DanielGEC has never used access key 1 since creation and not rotated it in the past 90 days","Severity":"Medium","Status":"FAIL","Scored":"Scored","Level":"Level 1","Control ID":"1.3","Region":"us-east-1","Timestamp":"2021-01-05T20:10:58Z","Compliance":"ens-op.acc.1.aws.iam.3,ens-op.acc.5.aws.iam.4"}
{"Profile":"default","Account Number":"831098920163","Control":"[check13] Ensure credentials unused for 90 days or greater are disabled (Scored)","Message":"User DanielGECAmplify has not used access key 1 in the past 90 days","Severity":"Medium","Status":"FAIL","Scored":"Scored","Level":"Level 1","Control ID":"1.3","Region":"us-east-1","Timestamp":"2021-01-05T20:10:58Z","Compliance":"ens-op.acc.1.aws.iam.3,ens-op.acc.5.aws.iam.4"}
{"Profile":"default","Account Number":"831098920163","Control":"[check13] Ensure credentials unused for 90 days or greater are disabled (Scored)","Message":"User dfini_stage_admin has not used access key 1 in the past 90 days","Severity":"Medium","Status":"FAIL","Scored":"Scored","Level":"Level 1","Control ID":"1.3","Region":"us-east-1","Timestamp":"2021-01-05T20:10:59Z","Compliance":"ens-op.acc.1.aws.iam.3,ens-op.acc.5.aws.iam.4"}
{"Profile":"default","Account Number":"831098920163","Control":"[check13] Ensure credentials unused for 90 days or greater are disabled (Scored)","Message":"User DynamicS3Dashboard has used access key 1 in the past 90 days","Severity":"Medium","Status":"Pass","Scored":"Scored","Level":"Level 1","Control ID":"1.3","Region":"us-east-1","Timestamp":"2021-01-05T20:10:59Z","Compliance":"ens-op.acc.1.aws.iam.3,ens-op.acc.5.aws.iam.4"}
{"Profile":"default","Account Number":"831098920163","Control":"[check13] Ensure credentials unused for 90 days or greater are disabled (Scored)","Message":"User fsultan has used access key 1 in the past 90 days","Severity":"Medium","Status":"Pass","Scored":"Scored","Level":"Level 1","Control ID":"1.3","Region":"us-east-1","Timestamp":"2021-01-05T20:10:59Z","Compliance":"ens-op.acc.1.aws.iam.3,ens-op.acc.5.aws.iam.4"}
{"Profile":"default","Account Number":"831098920163","Control":"[check13] Ensure credentials unused for 90 days or greater are disabled (Scored)","Message":"User GEC-Sites-user has used access key 1 in the past 90 days","Severity":"Medium","Status":"Pass","Scored":"Scored","Level":"Level 1","Control ID":"1.3","Region":"us-east-1","Timestamp":"2021-01-05T20:10:59Z","Compliance":"ens-op.acc.1.aws.iam.3,ens-op.acc.5.aws.iam.4"}
{"Profile":"default","Account Number":"831098920163","Control":"[check13] Ensure credentials unused for 90 days or greater are disabled (Scored)","Message":"User ses-smtp-user.20201115-190735 has used access key 1 in the past 90 days","Severity":"Medium","Status":"Pass","Scored":"Scored","Level":"Level 1","Control ID":"1.3","Region":"us-east-1","Timestamp":"2021-01-05T20:10:59Z","Compliance":"ens-op.acc.1.aws.iam.3,ens-op.acc.5.aws.iam.4"}
{"Profile":"default","Account Number":"831098920163","Control":"[check13] Ensure credentials unused for 90 days or greater are disabled (Scored)","Message":"User ThomasGEC has never used access key 1 since creation and not rotated it in the past 90 days","Severity":"Medium","Status":"FAIL","Scored":"Scored","Level":"Level 1","Control ID":"1.3","Region":"us-east-1","Timestamp":"2021-01-05T20:10:59Z","Compliance":"ens-op.acc.1.aws.iam.3,ens-op.acc.5.aws.iam.4"}
{"Profile":"default","Account Number":"831098920163","Control":"[check13] Ensure credentials unused for 90 days or greater are disabled (Scored)","Message":"User BlockboardCO has used access key 2 in the past 90 days","Severity":"Medium","Status":"Pass","Scored":"Scored","Level":"Level 1","Control ID":"1.3","Region":"us-east-1","Timestamp":"2021-01-05T20:10:59Z","Compliance":"ens-op.acc.1.aws.iam.3,ens-op.acc.5.aws.iam.4"}
{"Profile":"default","Account Number":"831098920163","Control":"[check13] Ensure credentials unused for 90 days or greater are disabled (Scored)","Message":"User DanielGEC has used access key 2 in the past 90 days","Severity":"Medium","Status":"Pass","Scored":"Scored","Level":"Level 1","Control ID":"1.3","Region":"us-east-1","Timestamp":"2021-01-05T20:10:59Z","Compliance":"ens-op.acc.1.aws.iam.3,ens-op.acc.5.aws.iam.4"}
{"Profile":"default","Account Number":"831098920163","Control":"[check14] Ensure access keys are rotated every 90 days or less (Scored)","Message":"DanielGEC has not rotated access key 1 in over 90 days","Severity":"Medium","Status":"FAIL","Scored":"Scored","Level":"Level 1","Control ID":"1.4","Region":"us-east-1","Timestamp":"2021-01-05T20:10:59Z","Compliance":"ens-op.acc.1.aws.iam.4,ens-op.acc.5.aws.iam.3"}
{"Profile":"default","Account Number":"831098920163","Control":"[check14] Ensure access keys are rotated every 90 days or less (Scored)","Message":"DanielGECAmplify has not rotated access key 1 in over 90 days","Severity":"Medium","Status":"FAIL","Scored":"Scored","Level":"Level 1","Control ID":"1.4","Region":"us-east-1","Timestamp":"2021-01-05T20:11:00Z","Compliance":"ens-op.acc.1.aws.iam.4,ens-op.acc.5.aws.iam.3"}
{"Profile":"default","Account Number":"831098920163","Control":"[check14] Ensure access keys are rotated every 90 days or less (Scored)","Message":"dfini_stage_admin has not rotated access key 1 in over 90 days","Severity":"Medium","Status":"FAIL","Scored":"Scored","Level":"Level 1","Control ID":"1.4","Region":"us-east-1","Timestamp":"2021-01-05T20:11:00Z","Compliance":"ens-op.acc.1.aws.iam.4,ens-op.acc.5.aws.iam.3"}
{"Profile":"default","Account Number":"831098920163","Control":"[check14] Ensure access keys are rotated every 90 days or less (Scored)","Message":"fsultan has not rotated access key 1 in over 90 days","Severity":"Medium","Status":"FAIL","Scored":"Scored","Level":"Level 1","Control ID":"1.4","Region":"us-east-1","Timestamp":"2021-01-05T20:11:00Z","Compliance":"ens-op.acc.1.aws.iam.4,ens-op.acc.5.aws.iam.3"}
{"Profile":"default","Account Number":"831098920163","Control":"[check14] Ensure access keys are rotated every 90 days or less (Scored)","Message":"ThomasGEC has not rotated access key 1 in over 90 days","Severity":"Medium","Status":"FAIL","Scored":"Scored","Level":"Level 1","Control ID":"1.4","Region":"us-east-1","Timestamp":"2021-01-05T20:11:00Z","Compliance":"ens-op.acc.1.aws.iam.4,ens-op.acc.5.aws.iam.3"}
{"Profile":"default","Account Number":"831098920163","Control":"[check14] Ensure access keys are rotated every 90 days or less (Scored)","Message":"DanielGEC has not rotated access key 2 in over 90 days","Severity":"Medium","Status":"FAIL","Scored":"Scored","Level":"Level 1","Control ID":"1.4","Region":"us-east-1","Timestamp":"2021-01-05T20:11:00Z","Compliance":"ens-op.acc.1.aws.iam.4,ens-op.acc.5.aws.iam.3"}
{"Profile":"default","Account Number":"831098920163","Control":"[check15] Ensure IAM password policy requires at least one uppercase letter (Scored)","Message":"Password Policy requires upper case","Severity":"Medium","Status":"Pass","Scored":"Scored","Level":"Level 1","Control ID":"1.5","Region":"us-east-1","Timestamp":"2021-01-05T20:11:03Z","Compliance":"Software and Configuration Checks"}
{"Profile":"default","Account Number":"831098920163","Control":"[check16] Ensure IAM password policy require at least one lowercase letter (Scored)","Message":"Password Policy requires lower case","Severity":"medium","Status":"Pass","Scored":"Scored","Level":"Level 1","Control ID":"1.6","Region":"us-east-1","Timestamp":"2021-01-05T20:11:05Z","Compliance":"Software and Configuration Checks"}
{"Profile":"default","Account Number":"831098920163","Control":"[check17] Ensure IAM password policy require at least one symbol (Scored)","Message":"Password Policy missing symbol requirement","Severity":"Medium","Status":"FAIL","Scored":"Scored","Level":"Level 1","Control ID":"1.7","Region":"us-east-1","Timestamp":"2021-01-05T20:11:08Z","Compliance":"Software and Configuration Checks"}
{"Profile":"default","Account Number":"831098920163","Control":"[check18] Ensure IAM password policy require at least one number (Scored)","Message":"Password Policy requires number","Severity":"Medium","Status":"Pass","Scored":"Scored","Level":"Level 1","Control ID":"1.8","Region":"us-east-1","Timestamp":"2021-01-05T20:11:10Z","Compliance":"Software and Configuration Checks"}
{"Profile":"default","Account Number":"831098920163","Control":"[check19] Ensure IAM password policy requires minimum length of 14 or greater (Scored)","Message":"Password Policy missing or weak length requirement","Severity":"Medium","Status":"FAIL","Scored":"Scored","Level":"Level 1","Control ID":"1.9","Region":"us-east-1","Timestamp":"2021-01-05T20:11:13Z","Compliance":"Software and Configuration Checks"}
{"Profile":"default","Account Number":"831098920163","Control":"[check110] Ensure IAM password policy prevents password reuse: 24 or greater (Scored)","Message":"Password Policy has weak reuse requirement (lower than 24)","Severity":"Medium","Status":"FAIL","Scored":"Scored","Level":"Level 1","Control ID":"1.10","Region":"us-east-1","Timestamp":"2021-01-05T20:11:15Z","Compliance":"Software and Configuration Checks"}
{"Profile":"default","Account Number":"831098920163","Control":"[check111] Ensure IAM password policy expires passwords within 90 days or less (Scored)","Message":"Password expiration is not set","Severity":"Medium","Status":"FAIL","Scored":"Scored","Level":"Level 1","Control ID":"1.11","Region":"us-east-1","Timestamp":"2021-01-05T20:11:18Z","Compliance":"Software and Configuration Checks"}
{"Profile":"default","Account Number":"831098920163","Control":"[check112] Ensure no root account access key exists (Scored)","Message":"No access key 1 found for root","Severity":"Critical","Status":"Pass","Scored":"Scored","Level":"Level 1","Control ID":"1.12","Region":"us-east-1","Timestamp":"2021-01-05T20:11:18Z","Compliance":"Software and Configuration Checks"}
{"Profile":"default","Account Number":"831098920163","Control":"[check112] Ensure no root account access key exists (Scored)","Message":"No access key 2 found for root","Severity":"Critical","Status":"Pass","Scored":"Scored","Level":"Level 1","Control ID":"1.12","Region":"us-east-1","Timestamp":"2021-01-05T20:11:18Z","Compliance":"Software and Configuration Checks"}
{"Profile":"default","Account Number":"831098920163","Control":"[check113] Ensure MFA is enabled for the root account (Scored)","Message":"MFA is not ENABLED for root account","Severity":"Critical","Status":"FAIL","Scored":"Scored","Level":"Level 1","Control ID":"1.13","Region":"us-east-1","Timestamp":"2021-01-05T20:11:21Z","Compliance":"Software and Configuration Checks"}
{"Profile":"default","Account Number":"831098920163","Control":"[check114] Ensure hardware MFA is enabled for the root account (Scored)","Message":"MFA is not ENABLED for root account","Severity":"Critical","Status":"FAIL","Scored":"Scored","Level":"Level 2","Control ID":"1.14","Region":"us-east-1","Timestamp":"2021-01-05T20:11:23Z","Compliance":"Software and Configuration Checks"}
{"Profile":"default","Account Number":"831098920163","Control":"[check115] Ensure security questions are registered in the AWS account (Not Scored)","Message":"No command available for check 1.15 ","Severity":"Medium","Status":"Info","Scored":"Not Scored","Level":"Level 1","Control ID":"1.15","Region":"us-east-1","Timestamp":"2021-01-05T20:11:23Z","Compliance":"Software and Configuration Checks"}
{"Profile":"default","Account Number":"831098920163","Control":"[check115] Ensure security questions are registered in the AWS account (Not Scored)","Message":"Login to the AWS Console as root & click on the Account ","Severity":"Medium","Status":"Info","Scored":"Not Scored","Level":"Level 1","Control ID":"1.15","Region":"us-east-1","Timestamp":"2021-01-05T20:11:23Z","Compliance":"Software and Configuration Checks"}
{"Profile":"default","Account Number":"831098920163","Control":"[check115] Ensure security questions are registered in the AWS account (Not Scored)","Message":"Name -> My Account -> Configure Security Challenge Questions ","Severity":"Medium","Status":"Info","Scored":"Not Scored","Level":"Level 1","Control ID":"1.15","Region":"us-east-1","Timestamp":"2021-01-05T20:11:23Z","Compliance":"Software and Configuration Checks"}
{"Profile":"default","Account Number":"831098920163","Control":"[check116] Ensure IAM policies are attached only to groups or roles (Scored)","Message":"BlockboardCO has managed policy directly attached","Severity":"Low","Status":"FAIL","Scored":"Scored","Level":"Level 1","Control ID":"1.16","Region":"us-east-1","Timestamp":"2021-01-05T20:11:28Z","Compliance":"ens-op.acc.3.aws.iam.1"}
{"Profile":"default","Account Number":"831098920163","Control":"[check116] Ensure IAM policies are attached only to groups or roles (Scored)","Message":"BobGEC has managed policy directly attached","Severity":"Low","Status":"FAIL","Scored":"Scored","Level":"Level 1","Control ID":"1.16","Region":"us-east-1","Timestamp":"2021-01-05T20:11:33Z","Compliance":"ens-op.acc.3.aws.iam.1"}
{"Profile":"default","Account Number":"831098920163","Control":"[check116] Ensure IAM policies are attached only to groups or roles (Scored)","Message":"DanielGEC has managed policy directly attached","Severity":"Low","Status":"FAIL","Scored":"Scored","Level":"Level 1","Control ID":"1.16","Region":"us-east-1","Timestamp":"2021-01-05T20:11:37Z","Compliance":"ens-op.acc.3.aws.iam.1"}
{"Profile":"default","Account Number":"831098920163","Control":"[check116] Ensure IAM policies are attached only to groups or roles (Scored)","Message":"DanielGECAmplify has managed policy directly attached","Severity":"Low","Status":"FAIL","Scored":"Scored","Level":"Level 1","Control ID":"1.16","Region":"us-east-1","Timestamp":"2021-01-05T20:11:42Z","Compliance":"ens-op.acc.3.aws.iam.1"}
{"Profile":"default","Account Number":"831098920163","Control":"[check116] Ensure IAM policies are attached only to groups or roles (Scored)","Message":"DynamicS3Dashboard has managed policy directly attached","Severity":"Low","Status":"FAIL","Scored":"Scored","Level":"Level 1","Control ID":"1.16","Region":"us-east-1","Timestamp":"2021-01-05T20:11:52Z","Compliance":"ens-op.acc.3.aws.iam.1"}
{"Profile":"default","Account Number":"831098920163","Control":"[check116] Ensure IAM policies are attached only to groups or roles (Scored)","Message":"DynamicS3User has managed policy directly attached","Severity":"Low","Status":"FAIL","Scored":"Scored","Level":"Level 1","Control ID":"1.16","Region":"us-east-1","Timestamp":"2021-01-05T20:11:56Z","Compliance":"ens-op.acc.3.aws.iam.1"}
{"Profile":"default","Account Number":"831098920163","Control":"[check116] Ensure IAM policies are attached only to groups or roles (Scored)","Message":"fsultan has managed policy directly attached","Severity":"Low","Status":"FAIL","Scored":"Scored","Level":"Level 1","Control ID":"1.16","Region":"us-east-1","Timestamp":"2021-01-05T20:12:02Z","Compliance":"ens-op.acc.3.aws.iam.1"}
{"Profile":"default","Account Number":"831098920163","Control":"[check116] Ensure IAM policies are attached only to groups or roles (Scored)","Message":"GEC-Sites-user has managed policy directly attached","Severity":"Low","Status":"FAIL","Scored":"Scored","Level":"Level 1","Control ID":"1.16","Region":"us-east-1","Timestamp":"2021-01-05T20:12:07Z","Compliance":"ens-op.acc.3.aws.iam.1"}
{"Profile":"default","Account Number":"831098920163","Control":"[check116] Ensure IAM policies are attached only to groups or roles (Scored)","Message":"ses-smtp-user.20201115-190735 has inline policy directly attached","Severity":"Low","Status":"FAIL","Scored":"Scored","Level":"Level 1","Control ID":"1.16","Region":"us-east-1","Timestamp":"2021-01-05T20:12:15Z","Compliance":"ens-op.acc.3.aws.iam.1"}
{"Profile":"default","Account Number":"831098920163","Control":"[check116] Ensure IAM policies are attached only to groups or roles (Scored)","Message":"ThomasGEC has managed policy directly attached","Severity":"Low","Status":"FAIL","Scored":"Scored","Level":"Level 1","Control ID":"1.16","Region":"us-east-1","Timestamp":"2021-01-05T20:12:17Z","Compliance":"ens-op.acc.3.aws.iam.1"}
{"Profile":"default","Account Number":"831098920163","Control":"[check117] Maintain current contact details (Not Scored)","Message":"No command available for check 1.17 ","Severity":"Medium","Status":"Info","Scored":"Not Scored","Level":"Level 1","Control ID":"1.17","Region":"us-east-1","Timestamp":"2021-01-05T20:12:20Z","Compliance":"Software and Configuration Checks"}
{"Profile":"default","Account Number":"831098920163","Control":"[check117] Maintain current contact details (Not Scored)","Message":"See section 1.17 on the CIS Benchmark guide for details ","Severity":"Medium","Status":"Info","Scored":"Not Scored","Level":"Level 1","Control ID":"1.17","Region":"us-east-1","Timestamp":"2021-01-05T20:12:20Z","Compliance":"Software and Configuration Checks"}
{"Profile":"default","Account Number":"831098920163","Control":"[check118] Ensure security contact information is registered (Not Scored)","Message":"No command available for check 1.18 ","Severity":"Medium","Status":"Info","Scored":"Not Scored","Level":"Level 1","Control ID":"1.18","Region":"us-east-1","Timestamp":"2021-01-05T20:12:20Z","Compliance":"Software and Configuration Checks"}
{"Profile":"default","Account Number":"831098920163","Control":"[check118] Ensure security contact information is registered (Not Scored)","Message":"See section 1.18 on the CIS Benchmark guide for details ","Severity":"Medium","Status":"Info","Scored":"Not Scored","Level":"Level 1","Control ID":"1.18","Region":"us-east-1","Timestamp":"2021-01-05T20:12:20Z","Compliance":"Software and Configuration Checks"}
{"Profile":"default","Account Number":"831098920163","Control":"[check119] Ensure IAM instance roles are used for AWS resource access from instances (Not Scored)","Message":"eu-north-1: No EC2 instances found","Severity":"Medium","Status":"Info","Scored":"Not Scored","Level":"Level 2","Control ID":"1.19","Region":"eu-north-1","Timestamp":"2021-01-05T20:12:22Z","Compliance":"Software and Configuration Checks"}
{"Profile":"default","Account Number":"831098920163","Control":"[check119] Ensure IAM instance roles are used for AWS resource access from instances (Not Scored)","Message":"ap-south-1: No EC2 instances found","Severity":"Medium","Status":"Info","Scored":"Not Scored","Level":"Level 2","Control ID":"1.19","Region":"ap-south-1","Timestamp":"2021-01-05T20:12:25Z","Compliance":"Software and Configuration Checks"}
{"Profile":"default","Account Number":"831098920163","Control":"[check119] Ensure IAM instance roles are used for AWS resource access from instances (Not Scored)","Message":"eu-west-3: No EC2 instances found","Severity":"Medium","Status":"Info","Scored":"Not Scored","Level":"Level 2","Control ID":"1.19","Region":"eu-west-3","Timestamp":"2021-01-05T20:12:27Z","Compliance":"Software and Configuration Checks"}
{"Profile":"default","Account Number":"831098920163","Control":"[check119] Ensure IAM instance roles are used for AWS resource access from instances (Not Scored)","Message":"eu-west-2: No EC2 instances found","Severity":"Medium","Status":"Info","Scored":"Not Scored","Level":"Level 2","Control ID":"1.19","Region":"eu-west-2","Timestamp":"2021-01-05T20:12:29Z","Compliance":"Software and Configuration Checks"}
{"Profile":"default","Account Number":"831098920163","Control":"[check119] Ensure IAM instance roles are used for AWS resource access from instances (Not Scored)","Message":"eu-west-1: No EC2 instances found","Severity":"Medium","Status":"Info","Scored":"Not Scored","Level":"Level 2","Control ID":"1.19","Region":"eu-west-1","Timestamp":"2021-01-05T20:12:32Z","Compliance":"Software and Configuration Checks"}
{"Profile":"default","Account Number":"831098920163","Control":"[check119] Ensure IAM instance roles are used for AWS resource access from instances (Not Scored)","Message":"ap-northeast-2: No EC2 instances found","Severity":"Medium","Status":"Info","Scored":"Not Scored","Level":"Level 2","Control ID":"1.19","Region":"ap-northeast-2","Timestamp":"2021-01-05T20:12:35Z","Compliance":"Software and Configuration Checks"}
{"Profile":"default","Account Number":"831098920163","Control":"[check119] Ensure IAM instance roles are used for AWS resource access from instances (Not Scored)","Message":"ap-northeast-1: No EC2 instances found","Severity":"Medium","Status":"Info","Scored":"Not Scored","Level":"Level 2","Control ID":"1.19","Region":"ap-northeast-1","Timestamp":"2021-01-05T20:12:38Z","Compliance":"Software and Configuration Checks"}
{"Profile":"default","Account Number":"831098920163","Control":"[check119] Ensure IAM instance roles are used for AWS resource access from instances (Not Scored)","Message":"sa-east-1: No EC2 instances found","Severity":"Medium","Status":"Info","Scored":"Not Scored","Level":"Level 2","Control ID":"1.19","Region":"sa-east-1","Timestamp":"2021-01-05T20:12:42Z","Compliance":"Software and Configuration Checks"}
{"Profile":"default","Account Number":"831098920163","Control":"[check119] Ensure IAM instance roles are used for AWS resource access from instances (Not Scored)","Message":"ca-central-1: Instance i-01852be0b513c6141 not associated with an instance role","Severity":"Medium","Status":"FAIL","Scored":"Not Scored","Level":"Level 2","Control ID":"1.19","Region":"ca-central-1","Timestamp":"2021-01-05T20:12:47Z","Compliance":"Software and Configuration Checks"}
{"Profile":"default","Account Number":"831098920163","Control":"[check119] Ensure IAM instance roles are used for AWS resource access from instances (Not Scored)","Message":"ca-central-1: Instance i-0e2485e32892123c2 not associated with an instance role","Severity":"Medium","Status":"FAIL","Scored":"Not Scored","Level":"Level 2","Control ID":"1.19","Region":"ca-central-1","Timestamp":"2021-01-05T20:12:48Z","Compliance":"Software and Configuration Checks"}
{"Profile":"default","Account Number":"831098920163","Control":"[check119] Ensure IAM instance roles are used for AWS resource access from instances (Not Scored)","Message":"ca-central-1: Instance i-055516b5099bdbbe6 not associated with an instance role","Severity":"Medium","Status":"FAIL","Scored":"Not Scored","Level":"Level 2","Control ID":"1.19","Region":"ca-central-1","Timestamp":"2021-01-05T20:12:48Z","Compliance":"Software and Configuration Checks"}
{"Profile":"default","Account Number":"831098920163","Control":"[check119] Ensure IAM instance roles are used for AWS resource access from instances (Not Scored)","Message":"ca-central-1: Instance i-0186422b72590c294 not associated with an instance role","Severity":"Medium","Status":"FAIL","Scored":"Not Scored","Level":"Level 2","Control ID":"1.19","Region":"ca-central-1","Timestamp":"2021-01-05T20:12:48Z","Compliance":"Software and Configuration Checks"}
{"Profile":"default","Account Number":"831098920163","Control":"[check119] Ensure IAM instance roles are used for AWS resource access from instances (Not Scored)","Message":"ca-central-1: Instance i-02bb24dea85f7a67d not associated with an instance role","Severity":"Medium","Status":"FAIL","Scored":"Not Scored","Level":"Level 2","Control ID":"1.19","Region":"ca-central-1","Timestamp":"2021-01-05T20:12:49Z","Compliance":"Software and Configuration Checks"}
{"Profile":"default","Account Number":"831098920163","Control":"[check119] Ensure IAM instance roles are used for AWS resource access from instances (Not Scored)","Message":"ca-central-1: Instance i-01d44e554b2e154b1 not associated with an instance role","Severity":"Medium","Status":"FAIL","Scored":"Not Scored","Level":"Level 2","Control ID":"1.19","Region":"ca-central-1","Timestamp":"2021-01-05T20:12:49Z","Compliance":"Software and Configuration Checks"}
{"Profile":"default","Account Number":"831098920163","Control":"[check119] Ensure IAM instance roles are used for AWS resource access from instances (Not Scored)","Message":"ca-central-1: Instance i-04421a104d58dbcd6 not associated with an instance role","Severity":"Medium","Status":"FAIL","Scored":"Not Scored","Level":"Level 2","Control ID":"1.19","Region":"ca-central-1","Timestamp":"2021-01-05T20:12:49Z","Compliance":"Software and Configuration Checks"}
{"Profile":"default","Account Number":"831098920163","Control":"[check119] Ensure IAM instance roles are used for AWS resource access from instances (Not Scored)","Message":"ca-central-1: Instance i-0134716212ddb61b1 not associated with an instance role","Severity":"Medium","Status":"FAIL","Scored":"Not Scored","Level":"Level 2","Control ID":"1.19","Region":"ca-central-1","Timestamp":"2021-01-05T20:12:49Z","Compliance":"Software and Configuration Checks"}
{"Profile":"default","Account Number":"831098920163","Control":"[check119] Ensure IAM instance roles are used for AWS resource access from instances (Not Scored)","Message":"ca-central-1: Instance i-0fc5b8f95488c927e not associated with an instance role","Severity":"Medium","Status":"FAIL","Scored":"Not Scored","Level":"Level 2","Control ID":"1.19","Region":"ca-central-1","Timestamp":"2021-01-05T20:12:50Z","Compliance":"Software and Configuration Checks"}
{"Profile":"default","Account Number":"831098920163","Control":"[check119] Ensure IAM instance roles are used for AWS resource access from instances (Not Scored)","Message":"ca-central-1: Instance i-0d64f81aa11aea413 not associated with an instance role","Severity":"Medium","Status":"FAIL","Scored":"Not Scored","Level":"Level 2","Control ID":"1.19","Region":"ca-central-1","Timestamp":"2021-01-05T20:12:50Z","Compliance":"Software and Configuration Checks"}
{"Profile":"default","Account Number":"831098920163","Control":"[check119] Ensure IAM instance roles are used for AWS resource access from instances (Not Scored)","Message":"ca-central-1: Instance i-02e2cc284c2677d14 not associated with an instance role","Severity":"Medium","Status":"FAIL","Scored":"Not Scored","Level":"Level 2","Control ID":"1.19","Region":"ca-central-1","Timestamp":"2021-01-05T20:12:50Z","Compliance":"Software and Configuration Checks"}
{"Profile":"default","Account Number":"831098920163","Control":"[check119] Ensure IAM instance roles are used for AWS resource access from instances (Not Scored)","Message":"ca-central-1: Instance i-056d274151ec514bb not associated with an instance role","Severity":"Medium","Status":"FAIL","Scored":"Not Scored","Level":"Level 2","Control ID":"1.19","Region":"ca-central-1","Timestamp":"2021-01-05T20:12:51Z","Compliance":"Software and Configuration Checks"}
{"Profile":"default","Account Number":"831098920163","Control":"[check119] Ensure IAM instance roles are used for AWS resource access from instances (Not Scored)","Message":"ca-central-1: Instance i-0a64766fcd7a38f4e not associated with an instance role","Severity":"Medium","Status":"FAIL","Scored":"Not Scored","Level":"Level 2","Control ID":"1.19","Region":"ca-central-1","Timestamp":"2021-01-05T20:12:51Z","Compliance":"Software and Configuration Checks"}
{"Profile":"default","Account Number":"831098920163","Control":"[check119] Ensure IAM instance roles are used for AWS resource access from instances (Not Scored)","Message":"ca-central-1: Instance i-09cd311d80b182617 not associated with an instance role","Severity":"Medium","Status":"FAIL","Scored":"Not Scored","Level":"Level 2","Control ID":"1.19","Region":"ca-central-1","Timestamp":"2021-01-05T20:12:51Z","Compliance":"Software and Configuration Checks"}
{"Profile":"default","Account Number":"831098920163","Control":"[check119] Ensure IAM instance roles are used for AWS resource access from instances (Not Scored)","Message":"ca-central-1: Instance i-0189078341f24d5d9 not associated with an instance role","Severity":"Medium","Status":"FAIL","Scored":"Not Scored","Level":"Level 2","Control ID":"1.19","Region":"ca-central-1","Timestamp":"2021-01-05T20:12:51Z","Compliance":"Software and Configuration Checks"}
{"Profile":"default","Account Number":"831098920163","Control":"[check119] Ensure IAM instance roles are used for AWS resource access from instances (Not Scored)","Message":"ca-central-1: Instance i-07fc8d86df13b0953 not associated with an instance role","Severity":"Medium","Status":"FAIL","Scored":"Not Scored","Level":"Level 2","Control ID":"1.19","Region":"ca-central-1","Timestamp":"2021-01-05T20:12:52Z","Compliance":"Software and Configuration Checks"}
{"Profile":"default","Account Number":"831098920163","Control":"[check119] Ensure IAM instance roles are used for AWS resource access from instances (Not Scored)","Message":"ap-southeast-1: No EC2 instances found","Severity":"Medium","Status":"Info","Scored":"Not Scored","Level":"Level 2","Control ID":"1.19","Region":"ap-southeast-1","Timestamp":"2021-01-05T20:12:55Z","Compliance":"Software and Configuration Checks"}
{"Profile":"default","Account Number":"831098920163","Control":"[check119] Ensure IAM instance roles are used for AWS resource access from instances (Not Scored)","Message":"ap-southeast-2: No EC2 instances found","Severity":"Medium","Status":"Info","Scored":"Not Scored","Level":"Level 2","Control ID":"1.19","Region":"ap-southeast-2","Timestamp":"2021-01-05T20:12:58Z","Compliance":"Software and Configuration Checks"}
{"Profile":"default","Account Number":"831098920163","Control":"[check119] Ensure IAM instance roles are used for AWS resource access from instances (Not Scored)","Message":"eu-central-1: No EC2 instances found","Severity":"Medium","Status":"Info","Scored":"Not Scored","Level":"Level 2","Control ID":"1.19","Region":"eu-central-1","Timestamp":"2021-01-05T20:13:00Z","Compliance":"Software and Configuration Checks"}
{"Profile":"default","Account Number":"831098920163","Control":"[check119] Ensure IAM instance roles are used for AWS resource access from instances (Not Scored)","Message":"us-east-1: No EC2 instances found","Severity":"Medium","Status":"Info","Scored":"Not Scored","Level":"Level 2","Control ID":"1.19","Region":"us-east-1","Timestamp":"2021-01-05T20:13:03Z","Compliance":"Software and Configuration Checks"}
{"Profile":"default","Account Number":"831098920163","Control":"[check119] Ensure IAM instance roles are used for AWS resource access from instances (Not Scored)","Message":"us-east-2: No EC2 instances found","Severity":"Medium","Status":"Info","Scored":"Not Scored","Level":"Level 2","Control ID":"1.19","Region":"us-east-2","Timestamp":"2021-01-05T20:13:06Z","Compliance":"Software and Configuration Checks"}
{"Profile":"default","Account Number":"831098920163","Control":"[check119] Ensure IAM instance roles are used for AWS resource access from instances (Not Scored)","Message":"us-west-1: No EC2 instances found","Severity":"Medium","Status":"Info","Scored":"Not Scored","Level":"Level 2","Control ID":"1.19","Region":"us-west-1","Timestamp":"2021-01-05T20:13:09Z","Compliance":"Software and Configuration Checks"}
{"Profile":"default","Account Number":"831098920163","Control":"[check119] Ensure IAM instance roles are used for AWS resource access from instances (Not Scored)","Message":"us-west-2: No EC2 instances found","Severity":"Medium","Status":"Info","Scored":"Not Scored","Level":"Level 2","Control ID":"1.19","Region":"us-west-2","Timestamp":"2021-01-05T20:13:12Z","Compliance":"Software and Configuration Checks"}
